<?xml version="1.0" encoding="UTF-8"?><rss version="2.0"
	xmlns:content="http://purl.org/rss/1.0/modules/content/"
	xmlns:wfw="http://wellformedweb.org/CommentAPI/"
	xmlns:dc="http://purl.org/dc/elements/1.1/"
	xmlns:atom="http://www.w3.org/2005/Atom"
	xmlns:sy="http://purl.org/rss/1.0/modules/syndication/"
	xmlns:slash="http://purl.org/rss/1.0/modules/slash/"
	>

<channel>
	<title>Chưa phân loại &#8211; Deva</title>
	<atom:link href="httphttps://github.com/Nda2001/Deva.github.io.git/category/khong-phan-loai/feed/" rel="self" type="application/rss+xml" />
	<link>httphttps://github.com/Nda2001/Deva.github.io.git</link>
	<description></description>
	<lastBuildDate>Tue, 06 Jun 2023 14:17:56 +0000</lastBuildDate>
	<language>vi</language>
	<sy:updatePeriod>
	hourly	</sy:updatePeriod>
	<sy:updateFrequency>
	1	</sy:updateFrequency>
	<generator>https://wordpress.org/?v=6.3.1</generator>
	<item>
		<title>Dáng người tam giác ngược mặc gì THU HÚT khoe vóc dáng</title>
		<link>httphttps://github.com/Nda2001/Deva.github.io.git/2023/06/06/dang-nguoi-tam-giac-nguoc-mac-gi-thu-hut-khoe-voc-dang-2/</link>
					<comments>httphttps://github.com/Nda2001/Deva.github.io.git/2023/06/06/dang-nguoi-tam-giac-nguoc-mac-gi-thu-hut-khoe-voc-dang-2/#respond</comments>
		
		<dc:creator><![CDATA[dinhanh]]></dc:creator>
		<pubDate>Tue, 06 Jun 2023 14:17:56 +0000</pubDate>
				<category><![CDATA[Chưa phân loại]]></category>
		<guid isPermaLink="false">httphttps://github.com/Nda2001/Deva.github.io.git/?p=893</guid>

					<description><![CDATA[Bạn đang buồn rầu vì vấn đề dáng người không được chuẩn như mong ước, dáng người bị nhỏ, gầy, dáng người tam giác ngược. Vậy dáng người tam giác thì nên phối đồ như thế nào hay nên phối với những loại quần áo như thế nào để nhìn dáng không bị phô. Sau đây, thời trang Gumac sẽ gợi ý cho các bạn về một số mẹo hay tuýp phối đồ nhé!
]]></description>
										<content:encoded><![CDATA[Bạn đang buồn rầu vì vấn đề dáng người không được chuẩn như mong ước, dáng người bị nhỏ, gầy, dáng người tam giác ngược. Vậy dáng người tam giác thì nên phối đồ như thế nào hay nên phối với những loại quần áo như thế nào để nhìn dáng không bị phô. Sau đây, thời trang Gumac sẽ gợi ý cho các bạn về một số mẹo hay tuýp phối đồ nhé!
]]></content:encoded>
					
					<wfw:commentRss>httphttps://github.com/Nda2001/Deva.github.io.git/2023/06/06/dang-nguoi-tam-giac-nguoc-mac-gi-thu-hut-khoe-voc-dang-2/feed/</wfw:commentRss>
			<slash:comments>0</slash:comments>
		
		
			</item>
		<item>
		<title>Dáng người tam giác ngược mặc gì THU HÚT khoe vóc dáng</title>
		<link>httphttps://github.com/Nda2001/Deva.github.io.git/2023/06/06/dang-nguoi-tam-giac-nguoc-mac-gi-thu-hut-khoe-voc-dang/</link>
					<comments>httphttps://github.com/Nda2001/Deva.github.io.git/2023/06/06/dang-nguoi-tam-giac-nguoc-mac-gi-thu-hut-khoe-voc-dang/#respond</comments>
		
		<dc:creator><![CDATA[dinhanh]]></dc:creator>
		<pubDate>Tue, 06 Jun 2023 14:16:11 +0000</pubDate>
				<category><![CDATA[Chưa phân loại]]></category>
		<guid isPermaLink="false">httphttps://github.com/Nda2001/Deva.github.io.git/?p=890</guid>

					<description><![CDATA[Bạn đang buồn rầu vì vấn đề dáng người không được chuẩn như mong ước, dáng người bị nhỏ, gầy, dáng người tam giác ngược. Vậy dáng người tam giác thì nên phối đồ như thế nào hay nên phối với những loại quần áo như thế nào để nhìn dáng không bị phô. Sau đây, thời trang Gumac sẽ gợi ý cho các bạn về một số mẹo hay tuýp phối đồ nhé!
]]></description>
										<content:encoded><![CDATA[Bạn đang buồn rầu vì vấn đề dáng người không được chuẩn như mong ước, dáng người bị nhỏ, gầy, dáng người tam giác ngược. Vậy dáng người tam giác thì nên phối đồ như thế nào hay nên phối với những loại quần áo như thế nào để nhìn dáng không bị phô. Sau đây, thời trang Gumac sẽ gợi ý cho các bạn về một số mẹo hay tuýp phối đồ nhé!
]]></content:encoded>
					
					<wfw:commentRss>httphttps://github.com/Nda2001/Deva.github.io.git/2023/06/06/dang-nguoi-tam-giac-nguoc-mac-gi-thu-hut-khoe-voc-dang/feed/</wfw:commentRss>
			<slash:comments>0</slash:comments>
		
		
			</item>
	</channel>
</rss>
