<?xml version="1.0" encoding="UTF-8"?><rss version="2.0"
	xmlns:content="http://purl.org/rss/1.0/modules/content/"
	xmlns:dc="http://purl.org/dc/elements/1.1/"
	xmlns:atom="http://www.w3.org/2005/Atom"
	xmlns:sy="http://purl.org/rss/1.0/modules/syndication/"
	
	>
<channel>
	<title>
	Bình luận cho Deva	</title>
	<atom:link href="httphttps://github.com/Nda2001/Deva.github.io.git/comments/feed/" rel="self" type="application/rss+xml" />
	<link>httphttps://github.com/Nda2001/Deva.github.io.git</link>
	<description></description>
	<lastBuildDate>Tue, 06 Jun 2023 14:31:27 +0000</lastBuildDate>
	<sy:updatePeriod>
	hourly	</sy:updatePeriod>
	<sy:updateFrequency>
	1	</sy:updateFrequency>
	<generator>https://wordpress.org/?v=6.3.1</generator>
	<item>
		<title>
		Phản hồi cho Váy ngắn hè mát bởi dinhanh		</title>
		<link>httphttps://github.com/Nda2001/Deva.github.io.git/product/vay-ngan-he-mat-7/#comment-2</link>

		<dc:creator><![CDATA[dinhanh]]></dc:creator>
		<pubDate>Tue, 06 Jun 2023 02:16:14 +0000</pubDate>
		<guid isPermaLink="false">httphttps://github.com/Nda2001/Deva.github.io.git/?post_type=product#038;p=491#comment-2</guid>

					<description><![CDATA[Ưng ý]]></description>
			<content:encoded><![CDATA[<p>Ưng ý</p>
]]></content:encoded>
		
			</item>
	</channel>
</rss>
