<?xml version="1.0" encoding="UTF-8"?><rss version="2.0"
	xmlns:content="http://purl.org/rss/1.0/modules/content/"
	xmlns:wfw="http://wellformedweb.org/CommentAPI/"
	xmlns:dc="http://purl.org/dc/elements/1.1/"
	xmlns:atom="http://www.w3.org/2005/Atom"
	xmlns:sy="http://purl.org/rss/1.0/modules/syndication/"
	xmlns:slash="http://purl.org/rss/1.0/modules/slash/"
	>

<channel>
	<title>Màu Sắc &#8211; Deva</title>
	<atom:link href="httphttps://github.com/Nda2001/Deva.github.io.git/product-category/mau-sac/feed/" rel="self" type="application/rss+xml" />
	<link>httphttps://github.com/Nda2001/Deva.github.io.git</link>
	<description></description>
	<lastBuildDate>Tue, 06 Jun 2023 14:37:13 +0000</lastBuildDate>
	<language>vi</language>
	<sy:updatePeriod>
	hourly	</sy:updatePeriod>
	<sy:updateFrequency>
	1	</sy:updateFrequency>
	<generator>https://wordpress.org/?v=6.3.1</generator>
	<item>
		<title>Váy ngắn hè mát</title>
		<link>httphttps://github.com/Nda2001/Deva.github.io.git/product/vay-ngan-he-mat-15/</link>
					<comments>httphttps://github.com/Nda2001/Deva.github.io.git/product/vay-ngan-he-mat-15/#respond</comments>
		
		<dc:creator><![CDATA[dinhanh]]></dc:creator>
		<pubDate>Tue, 06 Jun 2023 14:37:05 +0000</pubDate>
				<guid isPermaLink="false">httphttps://github.com/Nda2001/Deva.github.io.git/?post_type=product#038;p=944</guid>

					<description><![CDATA[]]></description>
										<content:encoded><![CDATA[]]></content:encoded>
					
					<wfw:commentRss>httphttps://github.com/Nda2001/Deva.github.io.git/product/vay-ngan-he-mat-15/feed/</wfw:commentRss>
			<slash:comments>0</slash:comments>
		
		
			</item>
		<item>
		<title>Váy ngắn hè mát</title>
		<link>httphttps://github.com/Nda2001/Deva.github.io.git/product/vay-ngan-he-mat-14/</link>
					<comments>httphttps://github.com/Nda2001/Deva.github.io.git/product/vay-ngan-he-mat-14/#respond</comments>
		
		<dc:creator><![CDATA[dinhanh]]></dc:creator>
		<pubDate>Tue, 06 Jun 2023 14:36:44 +0000</pubDate>
				<guid isPermaLink="false">httphttps://github.com/Nda2001/Deva.github.io.git/?post_type=product#038;p=940</guid>

					<description><![CDATA[]]></description>
										<content:encoded><![CDATA[]]></content:encoded>
					
					<wfw:commentRss>httphttps://github.com/Nda2001/Deva.github.io.git/product/vay-ngan-he-mat-14/feed/</wfw:commentRss>
			<slash:comments>0</slash:comments>
		
		
			</item>
		<item>
		<title>Váy ngắn hè mát</title>
		<link>httphttps://github.com/Nda2001/Deva.github.io.git/product/vay-ngan-he-mat-13/</link>
					<comments>httphttps://github.com/Nda2001/Deva.github.io.git/product/vay-ngan-he-mat-13/#respond</comments>
		
		<dc:creator><![CDATA[dinhanh]]></dc:creator>
		<pubDate>Tue, 06 Jun 2023 14:36:25 +0000</pubDate>
				<guid isPermaLink="false">httphttps://github.com/Nda2001/Deva.github.io.git/?post_type=product#038;p=936</guid>

					<description><![CDATA[]]></description>
										<content:encoded><![CDATA[]]></content:encoded>
					
					<wfw:commentRss>httphttps://github.com/Nda2001/Deva.github.io.git/product/vay-ngan-he-mat-13/feed/</wfw:commentRss>
			<slash:comments>0</slash:comments>
		
		
			</item>
		<item>
		<title>Váy ngắn hè mát</title>
		<link>httphttps://github.com/Nda2001/Deva.github.io.git/product/vay-ngan-he-mat-12/</link>
					<comments>httphttps://github.com/Nda2001/Deva.github.io.git/product/vay-ngan-he-mat-12/#respond</comments>
		
		<dc:creator><![CDATA[dinhanh]]></dc:creator>
		<pubDate>Tue, 06 Jun 2023 14:35:17 +0000</pubDate>
				<guid isPermaLink="false">httphttps://github.com/Nda2001/Deva.github.io.git/?post_type=product#038;p=931</guid>

					<description><![CDATA[]]></description>
										<content:encoded><![CDATA[]]></content:encoded>
					
					<wfw:commentRss>httphttps://github.com/Nda2001/Deva.github.io.git/product/vay-ngan-he-mat-12/feed/</wfw:commentRss>
			<slash:comments>0</slash:comments>
		
		
			</item>
		<item>
		<title>Váy ngắn hè mát</title>
		<link>httphttps://github.com/Nda2001/Deva.github.io.git/product/vay-ngan-he-mat-11/</link>
					<comments>httphttps://github.com/Nda2001/Deva.github.io.git/product/vay-ngan-he-mat-11/#respond</comments>
		
		<dc:creator><![CDATA[dinhanh]]></dc:creator>
		<pubDate>Tue, 06 Jun 2023 14:34:57 +0000</pubDate>
				<guid isPermaLink="false">httphttps://github.com/Nda2001/Deva.github.io.git/?post_type=product#038;p=927</guid>

					<description><![CDATA[]]></description>
										<content:encoded><![CDATA[]]></content:encoded>
					
					<wfw:commentRss>httphttps://github.com/Nda2001/Deva.github.io.git/product/vay-ngan-he-mat-11/feed/</wfw:commentRss>
			<slash:comments>0</slash:comments>
		
		
			</item>
		<item>
		<title>Váy ngắn hè mát</title>
		<link>httphttps://github.com/Nda2001/Deva.github.io.git/product/vay-ngan-he-mat-10/</link>
					<comments>httphttps://github.com/Nda2001/Deva.github.io.git/product/vay-ngan-he-mat-10/#respond</comments>
		
		<dc:creator><![CDATA[dinhanh]]></dc:creator>
		<pubDate>Tue, 06 Jun 2023 14:34:40 +0000</pubDate>
				<guid isPermaLink="false">httphttps://github.com/Nda2001/Deva.github.io.git/?post_type=product#038;p=923</guid>

					<description><![CDATA[]]></description>
										<content:encoded><![CDATA[]]></content:encoded>
					
					<wfw:commentRss>httphttps://github.com/Nda2001/Deva.github.io.git/product/vay-ngan-he-mat-10/feed/</wfw:commentRss>
			<slash:comments>0</slash:comments>
		
		
			</item>
		<item>
		<title>Váy ngắn hè mát</title>
		<link>httphttps://github.com/Nda2001/Deva.github.io.git/product/vay-ngan-he-mat-9/</link>
					<comments>httphttps://github.com/Nda2001/Deva.github.io.git/product/vay-ngan-he-mat-9/#respond</comments>
		
		<dc:creator><![CDATA[dinhanh]]></dc:creator>
		<pubDate>Tue, 06 Jun 2023 14:34:13 +0000</pubDate>
				<guid isPermaLink="false">httphttps://github.com/Nda2001/Deva.github.io.git/?post_type=product#038;p=919</guid>

					<description><![CDATA[]]></description>
										<content:encoded><![CDATA[]]></content:encoded>
					
					<wfw:commentRss>httphttps://github.com/Nda2001/Deva.github.io.git/product/vay-ngan-he-mat-9/feed/</wfw:commentRss>
			<slash:comments>0</slash:comments>
		
		
			</item>
		<item>
		<title>Váy ngắn hè mát</title>
		<link>httphttps://github.com/Nda2001/Deva.github.io.git/product/vay-ngan-he-mat-8/</link>
					<comments>httphttps://github.com/Nda2001/Deva.github.io.git/product/vay-ngan-he-mat-8/#respond</comments>
		
		<dc:creator><![CDATA[dinhanh]]></dc:creator>
		<pubDate>Tue, 06 Jun 2023 14:33:20 +0000</pubDate>
				<guid isPermaLink="false">httphttps://github.com/Nda2001/Deva.github.io.git/?post_type=product#038;p=915</guid>

					<description><![CDATA[]]></description>
										<content:encoded><![CDATA[]]></content:encoded>
					
					<wfw:commentRss>httphttps://github.com/Nda2001/Deva.github.io.git/product/vay-ngan-he-mat-8/feed/</wfw:commentRss>
			<slash:comments>0</slash:comments>
		
		
			</item>
		<item>
		<title>Váy ngắn hè mát</title>
		<link>httphttps://github.com/Nda2001/Deva.github.io.git/product/vay-ngan-he-mat-sao-chep/</link>
					<comments>httphttps://github.com/Nda2001/Deva.github.io.git/product/vay-ngan-he-mat-sao-chep/#respond</comments>
		
		<dc:creator><![CDATA[dinhanh]]></dc:creator>
		<pubDate>Tue, 06 Jun 2023 14:32:35 +0000</pubDate>
				<guid isPermaLink="false">httphttps://github.com/Nda2001/Deva.github.io.git/?post_type=product#038;p=911</guid>

					<description><![CDATA[]]></description>
										<content:encoded><![CDATA[]]></content:encoded>
					
					<wfw:commentRss>httphttps://github.com/Nda2001/Deva.github.io.git/product/vay-ngan-he-mat-sao-chep/feed/</wfw:commentRss>
			<slash:comments>0</slash:comments>
		
		
			</item>
		<item>
		<title>Váy ngắn hè mát</title>
		<link>httphttps://github.com/Nda2001/Deva.github.io.git/product/vay-ngan-he-mat-7/</link>
					<comments>httphttps://github.com/Nda2001/Deva.github.io.git/product/vay-ngan-he-mat-7/#comments</comments>
		
		<dc:creator><![CDATA[dinhanh]]></dc:creator>
		<pubDate>Wed, 24 May 2023 13:46:43 +0000</pubDate>
				<guid isPermaLink="false">httphttps://github.com/Nda2001/Deva.github.io.git/?post_type=product#038;p=491</guid>

					<description><![CDATA[]]></description>
										<content:encoded><![CDATA[]]></content:encoded>
					
					<wfw:commentRss>httphttps://github.com/Nda2001/Deva.github.io.git/product/vay-ngan-he-mat-7/feed/</wfw:commentRss>
			<slash:comments>1</slash:comments>
		
		
			</item>
	</channel>
</rss>
