<?xml version="1.0" encoding="UTF-8"?><rss version="2.0"
	xmlns:content="http://purl.org/rss/1.0/modules/content/"
	xmlns:wfw="http://wellformedweb.org/CommentAPI/"
	xmlns:dc="http://purl.org/dc/elements/1.1/"
	xmlns:atom="http://www.w3.org/2005/Atom"
	xmlns:sy="http://purl.org/rss/1.0/modules/syndication/"
	xmlns:slash="http://purl.org/rss/1.0/modules/slash/"
	>

<channel>
	<title>Thời trang &#8211; Deva</title>
	<atom:link href="httphttps://github.com/Nda2001/Deva.github.io.git/category/thoi-trang/feed/" rel="self" type="application/rss+xml" />
	<link>httphttps://github.com/Nda2001/Deva.github.io.git</link>
	<description></description>
	<lastBuildDate>Tue, 06 Jun 2023 14:14:51 +0000</lastBuildDate>
	<language>vi</language>
	<sy:updatePeriod>
	hourly	</sy:updatePeriod>
	<sy:updateFrequency>
	1	</sy:updateFrequency>
	<generator>https://wordpress.org/?v=6.3.1</generator>
	<item>
		<title>Dáng người tam giác ngược mặc gì THU HÚT khoe vóc dáng</title>
		<link>httphttps://github.com/Nda2001/Deva.github.io.git/2023/06/04/dang-nguoi-tam-giac-nguoc-mac-gi-thu-hut-khoe-voc-dan/</link>
					<comments>httphttps://github.com/Nda2001/Deva.github.io.git/2023/06/04/dang-nguoi-tam-giac-nguoc-mac-gi-thu-hut-khoe-voc-dan/#respond</comments>
		
		<dc:creator><![CDATA[dinhanh]]></dc:creator>
		<pubDate>Sun, 04 Jun 2023 07:45:16 +0000</pubDate>
				<category><![CDATA[Thời trang]]></category>
		<guid isPermaLink="false">httphttps://github.com/Nda2001/Deva.github.io.git/?p=614</guid>

					<description><![CDATA[Bạn đang buồn rầu vì vấn đề dáng người không được chuẩn như mong ước, dáng người bị nhỏ, gầy, dáng người tam giác ngược. Vậy dáng người tam giác thì nên phối đồ như thế nào hay nên phối với những loại quần áo như thế nào để nhìn dáng không bị phô. Sau đây, thời trang Gumac sẽ gợi ý cho các bạn về một số mẹo hay tuýp phối đồ nhé!]]></description>
										<content:encoded><![CDATA[
	<section class="section" id="section_1590593988">
		<div class="bg section-bg fill bg-fill  bg-loaded" >

			
			
			

		</div>

		

		<div class="section-content relative">
			

<div class="row row-collapse"  id="row-1161325276">


	<div id="col-264083292" class="col small-12 large-12"  >
				<div class="col-inner"  >
			
			

	<div class="img has-hover x md-x lg-x y md-y lg-y" id="image_1114184029">
								<div class="img-inner dark" >
			<img width="1020" height="526" src="httphttps://github.com/Nda2001/Deva.github.io.git/wp-content/uploads/2023/06/anhchitietblog.png" class="attachment-large size-large wvs-archive-product-image" alt="" decoding="async" fetchpriority="high" />						
					</div>
								
<style>
#image_1114184029 {
  width: 100%;
}
</style>
	</div>
	

	<div id="text-3880833756" class="text">
		

<h2>Dáng người tam giác ngược mặc gì THU HÚT khoe vóc dáng</h2>
		
<style>
#text-3880833756 {
  color: rgb(166, 34, 22);
}
#text-3880833756 > * {
  color: rgb(166, 34, 22);
}
</style>
	</div>
	
	<div id="text-2375132506" class="text">
		

<p>Bạn đang buồn rầu vì vấn đề dáng người không được chuẩn như mong ước, dáng người bị nhỏ, gầy, dáng người tam giác ngược. Vậy dáng người tam giác thì nên phối đồ như thế nào hay nên phối với những loại quần áo như thế nào để nhìn dáng không bị phô. Sau đây, thời trang Gumac sẽ gợi ý cho các bạn về một số mẹo hay tuýp phối đồ nhé!<br />Lorem ipsum dolor sit amet, consectetur adipisicing elit. Vel cupiditate dignissimos obcaecati rerum sapiente consequatur eligendi aliquid libero natus, voluptas ipsam, perferendis ex, laboriosam laborum? Inventore necessitatibus, excepturi, praesentium quis rerum quam a quos ipsa ipsam non nostrum iure optio esse nihil numquam possimus quibusdam placeat ad veritatis, laboriosam molestias. Alias, nemo neque modi vitae laudantium illum? Error sapiente illo excepturi nisi ab odio consequatur magni soluta, impedit deleniti. Obcaecati necessitatibus ea nobis autem in voluptatibus ipsa sequi fugiat veritatis qui repellendus aspernatur iure deleniti nam possimus expedita atque saepe aliquid quos placeat omnis quod, quisquam iusto pariatur. Minima sit ex ea sunt! Distinctio labore, pariatur iusto, saepe corrupti aspernatur deleniti odit alias quae odio voluptatibus suscipit sint debitis ullam eum enim fuga fugiat magni error autem facere modi consequuntur sit. Cupiditate, deleniti? Earum voluptates ipsam facilis fugiat quam repellendus commodi, voluptate debitis eius illo ad. Vero hic illo vel itaque eius eos repellat voluptatem praesentium ab. Sunt modi deserunt facilis earum optio rerum asperiores! Inventore sit odio et libero nisi enim consequuntur beatae at temporibus debitis, delectus soluta, ratione asperiores ullam ducimus. Alias delectus enim quaerat numquam, repellendus adipisci! Commodi veniam facilis non temporibus cum rerum possimus itaque nisi incidunt quo aliquam libero eveniet, velit magni tenetur nostrum dolorum maiores unde officia autem optio magnam nulla numquam. Nulla atque quasi explicabo rem corporis magni quisquam, enim dolor sint repudiandae. Alias quod assumenda at tenetur, quas quisquam voluptatibus dignissimos eum quibusdam accusantium laudantium excepturi nam modi voluptate natus veniam dolores veritatis error, quis iusto in reprehenderit repudiandae quo! Nihil veritatis excepturi laborum officia at in animi vero possimus rerum deserunt accusantium, ullam quaerat obcaecati, nisi molestiae non a dolorum, doloremque tempora suscipit et architecto? Inventore ipsam repudiandae exercitationem fuga. Voluptas id optio at architecto tempore velit. Ipsum eveniet nesciunt repellat!</p>
		
<style>
#text-2375132506 {
  color: rgb(0, 0, 0);
}
#text-2375132506 > * {
  color: rgb(0, 0, 0);
}
</style>
	</div>
	

		</div>
					</div>

	

</div>
<div class="row row-collapse"  id="row-1150643787">


	<div id="col-336021633" class="col small-12 large-12"  >
				<div class="col-inner text-center"  >
			
			

	<div class="img has-hover x md-x lg-x y md-y lg-y" id="image_121006129">
								<div class="img-inner dark" >
			<img width="923" height="800" src="httphttps://github.com/Nda2001/Deva.github.io.git/wp-content/uploads/2023/06/blog-detail.png" class="attachment-large size-large wvs-archive-product-image" alt="" decoding="async" />						
					</div>
								
<style>
#image_121006129 {
  width: 60%;
}
</style>
	</div>
	


		</div>
					</div>

	

</div>
<div class="row"  id="row-217391431">


	<div id="col-944316746" class="col small-12 large-12"  >
				<div class="col-inner"  >
			
			

	<div id="text-2150977492" class="text">
		

<h2>Dáng người tam giác ngược mặc gì THU HÚT khoe vóc dáng</h2>
		
<style>
#text-2150977492 {
  color: rgb(166, 34, 22);
}
#text-2150977492 > * {
  color: rgb(166, 34, 22);
}
</style>
	</div>
	
	<div id="text-1434531950" class="text">
		

<p>Bạn đang buồn rầu vì vấn đề dáng người không được chuẩn như mong ước, dáng người bị nhỏ, gầy, dáng người tam giác ngược. Vậy dáng người tam giác thì nên phối đồ như thế nào hay nên phối với những loại quần áo như thế nào để nhìn dáng không bị phô. Sau đây, thời trang Gumac sẽ gợi ý cho các bạn về một số mẹo hay tuýp phối đồ nhé!<br />Lorem ipsum dolor sit amet, consectetur adipisicing elit. Vel cupiditate dignissimos obcaecati rerum sapiente consequatur eligendi aliquid libero natus, voluptas ipsam, perferendis ex, laboriosam laborum? Inventore necessitatibus, excepturi, praesentium quis rerum quam a quos ipsa ipsam non nostrum iure optio esse nihil numquam possimus quibusdam placeat ad veritatis, laboriosam molestias. Alias, nemo neque modi vitae laudantium illum? Error sapiente illo excepturi nisi ab odio consequatur magni soluta, impedit deleniti. Obcaecati necessitatibus ea nobis autem in voluptatibus ipsa sequi fugiat veritatis qui repellendus aspernatur iure deleniti nam possimus expedita atque saepe aliquid quos placeat omnis quod, quisquam iusto pariatur. Minima sit ex ea sunt! Distinctio labore, pariatur iusto, saepe corrupti aspernatur deleniti odit alias quae odio voluptatibus suscipit sint debitis ullam eum enim fuga fugiat magni error autem facere modi consequuntur sit. Cupiditate, deleniti? Earum voluptates ipsam facilis fugiat quam repellendus commodi, voluptate debitis eius illo ad. Vero hic illo vel itaque eius eos repellat voluptatem praesentium ab. Sunt modi deserunt facilis earum optio rerum asperiores! Inventore sit odio et libero nisi enim consequuntur beatae at temporibus debitis, delectus soluta, ratione asperiores ullam ducimus. Alias delectus enim quaerat numquam, repellendus adipisci! Commodi veniam facilis non temporibus cum rerum possimus itaque nisi incidunt quo aliquam libero eveniet, velit magni tenetur nostrum dolorum maiores unde officia autem optio magnam nulla numquam. Nulla atque quasi explicabo rem corporis magni quisquam, enim dolor sint repudiandae. Alias quod assumenda at tenetur, quas quisquam voluptatibus dignissimos eum quibusdam accusantium laudantium excepturi nam modi voluptate natus veniam dolores veritatis error, quis iusto in reprehenderit repudiandae quo! Nihil veritatis excepturi laborum officia at in animi vero possimus rerum deserunt accusantium, ullam quaerat obcaecati, nisi molestiae non a dolorum, doloremque tempora suscipit et architecto? Inventore ipsam repudiandae exercitationem fuga. Voluptas id optio at architecto tempore velit. Ipsum eveniet nesciunt repellat!</p>
		
<style>
#text-1434531950 {
  color: rgb(0, 0, 0);
}
#text-1434531950 > * {
  color: rgb(0, 0, 0);
}
</style>
	</div>
	

		</div>
					</div>

	

</div>

		</div>

		
<style>
#section_1590593988 {
  padding-top: 30px;
  padding-bottom: 30px;
}
</style>
	</section>
	

]]></content:encoded>
					
					<wfw:commentRss>httphttps://github.com/Nda2001/Deva.github.io.git/2023/06/04/dang-nguoi-tam-giac-nguoc-mac-gi-thu-hut-khoe-voc-dan/feed/</wfw:commentRss>
			<slash:comments>0</slash:comments>
		
		
			</item>
	</channel>
</rss>
