<?xml version="1.0" encoding="UTF-8"?><rss version="2.0"
	xmlns:content="http://purl.org/rss/1.0/modules/content/"
	xmlns:dc="http://purl.org/dc/elements/1.1/"
	xmlns:atom="http://www.w3.org/2005/Atom"
	xmlns:sy="http://purl.org/rss/1.0/modules/syndication/"
	
	>
<channel>
	<title>
	Các phản hồi luận về: Váy ngắn hè mát	</title>
	<atom:link href="httphttps://github.com/Nda2001/Deva.github.io.git/product/vay-ngan-he-mat-14/feed/" rel="self" type="application/rss+xml" />
	<link>httphttps://github.com/Nda2001/Deva.github.io.git/product/vay-ngan-he-mat-14/</link>
	<description></description>
	<lastBuildDate>Tue, 06 Jun 2023 14:36:51 +0000</lastBuildDate>
	<sy:updatePeriod>
	hourly	</sy:updatePeriod>
	<sy:updateFrequency>
	1	</sy:updateFrequency>
	<generator>https://wordpress.org/?v=6.3.1</generator>
</channel>
</rss>
