<?xml version="1.0" encoding="UTF-8"?><rss version="2.0"
	xmlns:content="http://purl.org/rss/1.0/modules/content/"
	xmlns:wfw="http://wellformedweb.org/CommentAPI/"
	xmlns:dc="http://purl.org/dc/elements/1.1/"
	xmlns:atom="http://www.w3.org/2005/Atom"
	xmlns:sy="http://purl.org/rss/1.0/modules/syndication/"
	xmlns:slash="http://purl.org/rss/1.0/modules/slash/"
	>

<channel>
	<title>Style &#8211; Deva</title>
	<atom:link href="httphttps://github.com/Nda2001/Deva.github.io.git/category/style/feed/" rel="self" type="application/rss+xml" />
	<link>httphttps://github.com/Nda2001/Deva.github.io.git</link>
	<description></description>
	<lastBuildDate>Tue, 06 Jun 2023 07:54:16 +0000</lastBuildDate>
	<language>vi</language>
	<sy:updatePeriod>
	hourly	</sy:updatePeriod>
	<sy:updateFrequency>
	1	</sy:updateFrequency>
	<generator>https://wordpress.org/?v=6.3.1</generator>
	<item>
		<title>Dáng người tam giác ngược mặc gì THU HÚT khoe vóc dáng</title>
		<link>httphttps://github.com/Nda2001/Deva.github.io.git/2023/05/19/test/</link>
					<comments>httphttps://github.com/Nda2001/Deva.github.io.git/2023/05/19/test/#respond</comments>
		
		<dc:creator><![CDATA[dinhanh]]></dc:creator>
		<pubDate>Fri, 19 May 2023 03:36:17 +0000</pubDate>
				<category><![CDATA[Style]]></category>
		<guid isPermaLink="false">httphttps://github.com/Nda2001/Deva.github.io.git/?p=447</guid>

					<description><![CDATA[Bạn đang buồn rầu vì vấn đề dáng người không được chuẩn như mong ước, dáng người bị nhỏ, gầy, dáng người tam giác ngược. Vậy dáng người tam giác thì nên phối đồ như thế nào hay nên phối với những loại quần áo như thế nào để nhìn dáng không bị phô. Sau đây, thời trang Gumac sẽ gợi ý cho các bạn về một số mẹo hay tuýp phối đồ nhé!
]]></description>
										<content:encoded><![CDATA[
	<div class="img has-hover x md-x lg-x y md-y lg-y" id="image_427028188">
								<div class="img-inner dark" >
			<img width="1020" height="526" src="httphttps://github.com/Nda2001/Deva.github.io.git/wp-content/uploads/2023/06/anhchitietblog.png" class="attachment-large size-large wvs-archive-product-image" alt="" decoding="async" fetchpriority="high" />						
					</div>
								
<style>
#image_427028188 {
  width: 100%;
}
</style>
	</div>
	
]]></content:encoded>
					
					<wfw:commentRss>httphttps://github.com/Nda2001/Deva.github.io.git/2023/05/19/test/feed/</wfw:commentRss>
			<slash:comments>0</slash:comments>
		
		
			</item>
	</channel>
</rss>
