<?xml version="1.0" encoding="UTF-8"?><rss version="2.0"
	xmlns:content="http://purl.org/rss/1.0/modules/content/"
	xmlns:wfw="http://wellformedweb.org/CommentAPI/"
	xmlns:dc="http://purl.org/dc/elements/1.1/"
	xmlns:atom="http://www.w3.org/2005/Atom"
	xmlns:sy="http://purl.org/rss/1.0/modules/syndication/"
	xmlns:slash="http://purl.org/rss/1.0/modules/slash/"
	>

<channel>
	<title>Áo nỉ có mũ &#8211; Deva</title>
	<atom:link href="httphttps://github.com/Nda2001/Deva.github.io.git/product-category/ao-ni-2/feed/" rel="self" type="application/rss+xml" />
	<link>httphttps://github.com/Nda2001/Deva.github.io.git</link>
	<description></description>
	<lastBuildDate>Tue, 06 Jun 2023 14:32:13 +0000</lastBuildDate>
	<language>vi</language>
	<sy:updatePeriod>
	hourly	</sy:updatePeriod>
	<sy:updateFrequency>
	1	</sy:updateFrequency>
	<generator>https://wordpress.org/?v=6.3.1</generator>
	<item>
		<title>Váy ngắn hè mát</title>
		<link>httphttps://github.com/Nda2001/Deva.github.io.git/product/vay-ngan-he-mat-6/</link>
					<comments>httphttps://github.com/Nda2001/Deva.github.io.git/product/vay-ngan-he-mat-6/#respond</comments>
		
		<dc:creator><![CDATA[dinhanh]]></dc:creator>
		<pubDate>Wed, 24 May 2023 13:46:14 +0000</pubDate>
				<guid isPermaLink="false">httphttps://github.com/Nda2001/Deva.github.io.git/?post_type=product#038;p=487</guid>

					<description><![CDATA[]]></description>
										<content:encoded><![CDATA[]]></content:encoded>
					
					<wfw:commentRss>httphttps://github.com/Nda2001/Deva.github.io.git/product/vay-ngan-he-mat-6/feed/</wfw:commentRss>
			<slash:comments>0</slash:comments>
		
		
			</item>
		<item>
		<title>Váy ngắn hè mát</title>
		<link>httphttps://github.com/Nda2001/Deva.github.io.git/product/vay-ngan-he-mat-5/</link>
					<comments>httphttps://github.com/Nda2001/Deva.github.io.git/product/vay-ngan-he-mat-5/#respond</comments>
		
		<dc:creator><![CDATA[dinhanh]]></dc:creator>
		<pubDate>Wed, 24 May 2023 13:45:51 +0000</pubDate>
				<guid isPermaLink="false">httphttps://github.com/Nda2001/Deva.github.io.git/?post_type=product#038;p=483</guid>

					<description><![CDATA[]]></description>
										<content:encoded><![CDATA[]]></content:encoded>
					
					<wfw:commentRss>httphttps://github.com/Nda2001/Deva.github.io.git/product/vay-ngan-he-mat-5/feed/</wfw:commentRss>
			<slash:comments>0</slash:comments>
		
		
			</item>
		<item>
		<title>Váy ngắn hè mát</title>
		<link>httphttps://github.com/Nda2001/Deva.github.io.git/product/vay-ngan-he-mat-3/</link>
					<comments>httphttps://github.com/Nda2001/Deva.github.io.git/product/vay-ngan-he-mat-3/#respond</comments>
		
		<dc:creator><![CDATA[dinhanh]]></dc:creator>
		<pubDate>Wed, 24 May 2023 13:25:28 +0000</pubDate>
				<guid isPermaLink="false">httphttps://github.com/Nda2001/Deva.github.io.git/?post_type=product#038;p=464</guid>

					<description><![CDATA[]]></description>
										<content:encoded><![CDATA[]]></content:encoded>
					
					<wfw:commentRss>httphttps://github.com/Nda2001/Deva.github.io.git/product/vay-ngan-he-mat-3/feed/</wfw:commentRss>
			<slash:comments>0</slash:comments>
		
		
			</item>
		<item>
		<title>Váy ngắn hè mát</title>
		<link>httphttps://github.com/Nda2001/Deva.github.io.git/product/vay-ngan-he-mat/</link>
					<comments>httphttps://github.com/Nda2001/Deva.github.io.git/product/vay-ngan-he-mat/#respond</comments>
		
		<dc:creator><![CDATA[dinhanh]]></dc:creator>
		<pubDate>Wed, 24 May 2023 13:13:10 +0000</pubDate>
				<guid isPermaLink="false">httphttps://github.com/Nda2001/Deva.github.io.git/?post_type=product#038;p=454</guid>

					<description><![CDATA[]]></description>
										<content:encoded><![CDATA[]]></content:encoded>
					
					<wfw:commentRss>httphttps://github.com/Nda2001/Deva.github.io.git/product/vay-ngan-he-mat/feed/</wfw:commentRss>
			<slash:comments>0</slash:comments>
		
		
			</item>
	</channel>
</rss>
